{
    "type": "minecraft:stonecutting",
    "ingredient": [
        {
          "item": "minecraft:smooth_quartz"
        },
        {
          "item": "minecraft:chiseled_quartz_block"
        },
        {
          "item": "minecraft:quartz_bricks"
        },
        {
          "item": "minecraft:quartz_pillar"
        },
        {
          "item": "minecraft:quartz_stairs"
        },
        {
          "item": "minecraft:smooth_quartz_stairs"
        }
    ],
    "result": "minecraft:quartz_block",
    "count": 1
}