{
  "criteria": {
    "requirement": {
      "trigger": "minecraft:inventory_changed",
      "conditions": {
        "items": [
          {
            "items": [
              "minecraft:copper_ingot"
            ]
          }
        ]
      }
    }
  },
  "rewards": {
    "recipes": [
      "master_cutter:metal/copper/cut_copper_slab_stonecutting",
      "master_cutter:metal/copper/cut_copper_stonecutting",
      "master_cutter:metal/copper/exposed_cut_copper_slab_stonecutting",
      "master_cutter:metal/copper/exposed_cut_copper_stonecutting",
      "master_cutter:metal/copper/oxdized_cut_copper_slab_stonecutting",
      "master_cutter:metal/copper/oxdized_cut_copper_stonecutting",
      "master_cutter:metal/copper/waxed_cut_copper_slab_stonecutting",
      "master_cutter:metal/copper/waxed_cut_copper_stonecutting",
      "master_cutter:metal/copper/waxed_exposed_cut_copper_slab_stonecutting",
      "master_cutter:metal/copper/waxed_exposed_cut_copper_stonecutting",
      "master_cutter:metal/copper/waxed_oxdized_cut_copper_slab_stonecutting",
      "master_cutter:metal/copper/waxed_oxdized_cut_copper_stonecutting",
      "master_cutter:metal/copper/waxed_weathered_cut_copper_slab_stonecutting",
      "master_cutter:metal/copper/waxed_weathered_cut_copper_stonecutting",
      "master_cutter:metal/copper/weathered_cut_copper_slab_stonecutting",
      "master_cutter:metal/copper/weathered_cut_copper_stonecutting"
    ]
  }
}