{
  "replace": false,
  "values": [
    {
      "id": "#c:chests",
      "required": false
    },
        {
      "id": "#c:barrels",
      "required": false
    },
    {
      "id": "#storagedrawers:drawers",
      "required": false
    },
    {
      "id": "#storagedrawers:trim",
      "required": false
    },
    "spelunkery:compression_blast_miner",
    "spelunkery:wooden_channel",
    "spelunkery:stone_channel",
    "spelunkery:wooden_sluice",
    "spelunkery:stone_sluice",
    "sophisticatedstorage:controller",
    "sophisticatedstorage:storage_link",
    "sophisticatedstorage:storage_io",
    "sophisticatedstorage:storage_input",
    "sophisticatedstorage:storage_output",
    "sophisticatedstorage:decoration_table",
    "storagedrawers:controller",
    "storagedrawers:controller_slave",
    "storagedrawers:compacting_drawers_2",
    "storagedrawers:compacting_drawers_3",
    "storagedrawers:compacting_half_drawers_2",
    "storagedrawers:compacting_half_drawers_3",
    "storagedrawers:framing_table",
    "toms_storage:ts.inventory_connector",
    "toms_storage:ts.storage_terminal",
    "toms_storage:ts.trim",
    "toms_storage:ts.open_crate",
    "toms_storage:ts.inventory_cable",
    "toms_storage:ts.inventory_cable_framed",
    "toms_storage:ts.inventory_cable_connector",
    "toms_storage:ts.inventory_cable_connector_filtered",
    "toms_storage:ts.inventory_cable_connector_framed",
    "toms_storage:ts.inventory_proxy",
    "toms_storage:ts.crafting_terminal",
    "toms_storage:ts.inventory_hopper_basic",
    "toms_storage:ts.level_emitter"
  ]
}