{
    "type": "minecraft:stonecutting",
    "ingredient": [
        {
          "item": "minecraft:stone_stairs"
        },
        {
          "item": "minecraft:stone_brick_stairs"
        },
        {
          "item": "minecraft:mossy_stone_brick_stairs"
        },
        {
          "item": "minecraft:mossy_stone_bricks"
        },
        {
          "item": "minecraft:mossy_stone_brick_wall"
        }
    ],
    "result": "minecraft:stone_brick_wall",
    "count": 1
}