{
  "criteria": {
    "requirement": {
      "trigger": "minecraft:inventory_changed",
      "conditions": {
        "items": [
          {
            "items": [
              "minecraft:nether_bricks"
            ]
          }
        ]
      }
    }
  },
  "rewards": {
    "recipes": [
      "master_cutter:stone/nether_bricks/nether_brick_from_stonecutting",
      "master_cutter:stone/nether_bricks/nether_brick_fence_from_nether_brick_stairs",
      "master_cutter:stone/nether_bricks/nether_brick_fence_from_nether_bricks",
      "master_cutter:stone/nether_bricks/nether_brick_slab_from_chiseled_nether_bricks",
      "master_cutter:stone/nether_bricks/nether_brick_slab_from_nether_brick_stairs",
      "master_cutter:stone/nether_bricks/nether_brick_wall_from_nether_brick_stairs",
      "master_cutter:stone/nether_bricks/nether_bricks_from_chiseled_nether_bricks",
      "master_cutter:stone/nether_bricks/nether_bricks_from_nether_brick_stairs",
      "master_cutter:stone/nether_bricks/cracked_nether_bricks_from_nether_bricks"
    ]
  }
}