{
  "criteria": {
    "requirement": {
      "trigger": "minecraft:inventory_changed",
      "conditions": {
        "items": [
          {
            "items": [
              "minecraft:prismarine"
            ]
          }
        ]
      }
    }
  },
  "rewards": {
    "recipes": [
      "master_cutter:stone/prismarine_bricks/prismarine_brick_slab_from_prismarine_brick_stairs",
      "master_cutter:stone/prismarine_bricks/prismarine_bricks_from_prismarine_brick_stairs",
      "master_cutter:stone/prismarine_bricks/prismarine_shard_from_stonecutting"
    ]
  }
}