{
  "criteria": {
    "requirement": {
      "trigger": "minecraft:inventory_changed",
      "conditions": {
        "items": [
          {
            "items": [
              "minecraft:sandstone"
            ]
          }
        ]
      }
    }
  },
  "rewards": {
    "recipes": [
      "master_cutter:stone/sandstone/sand_from_stonecutting",
      "master_cutter:stone/sandstone/sandstone_from_stonecutting_1",
      "master_cutter:stone/sandstone/sandstone_from_stonecutting_2",
      "master_cutter:stone/sandstone/sandstone_from_stonecutting_3",
      "master_cutter:stone/sandstone/sandstone_slab_from_stonecutting_1",
      "master_cutter:stone/sandstone/sandstone_slab_from_stonecutting_2",
      "master_cutter:stone/sandstone/sandstone_stairs_from_stonecutting",
      "master_cutter:stone/sandstone/sandstone_wall_from_stonecutting",
      "master_cutter:stone/sandstone/smooth_sandstone_from_stonecutting",
      "master_cutter:stone/sandstone/smooth_sandstone_slab_from_stonecutting"
    ]
  }
}