{
    "type": "minecraft:stonecutting",
    "ingredient": [
        {
          "item": "minecraft:cobbled_deepslate_stairs"
        },
        {
          "item": "minecraft:cobbled_deepslate_slab"
        },
        {
          "item": "minecraft:deepslate_brick_stairs"
        },
        {
          "item": "minecraft:polished_deepslate_stairs"
        },
        {
          "item": "minecraft:polished_deepslate_slab"
        }
    ],
    "result": "minecraft:deepslate_brick_slab",
    "count": 1
}