{
    "type": "minecraft:stonecutting",
    "ingredient": [
        {
          "item": "minecraft:red_sandstone"
        },
        {
          "item": "minecraft:red_sandstone_stairs"
        },
        {
          "item": "minecraft:smooth_red_sandstone"
        },
        {
          "item": "minecraft:smooth_red_sandstone_stairs"
        },
        {
          "item": "minecraft:cut_red_sandstone"
        },
        {
          "item": "minecraft:chiseled_red_sandstone"
        }
    ],
    "result": "minecraft:red_sand",
    "count": 4
}