{
    "type": "minecraft:stonecutting",
    "ingredient": [
        {
          "item": "minecraft:chiseled_red_sandstone"
        },
        {
          "item": "minecraft:cut_red_sandstone"
        },
        {
          "item": "minecraft:smooth_red_sandstone"
        },
        {
          "item": "minecraft:red_sandstone_stairs"
        },
        {
          "item": "minecraft:smooth_red_sandstone_stairs"
        }
    ],
    "result": "minecraft:red_sandstone_wall",
    "count": 1
}